{
    "r2_score": 0.8401906175250591,
    "mae": 0.29517882235983783,
    "rmse": 0.4007978167990269
}