{
    "r2_score": 0.842197332067715,
    "mae": 0.2965574101835613,
    "rmse": 0.3982734730614929
}